name,index,unique_day,middle,lower,upper,yday,year
GPP,1,1,7.751162744986343,2.9415279002791817,13.896694436674693,10,2022
GPP,2,2,7.29404444101089,3.407566704802838,12.209102493670722,100,2022
GPP,3,3,10.50137644716899,5.284542382500113,15.982729203369818,101,2022
GPP,4,4,14.892008894787125,9.490592154289422,20.519843190670507,102,2022
GPP,5,5,17.024358298838898,11.865436304212775,22.34660172223058,103,2022
GPP,6,6,20.306602277077346,14.498483569995374,26.058718585099655,104,2022
GPP,7,7,12.255617638165388,8.112728059312156,16.988572069704528,105,2022
GPP,8,8,7.769974538143273,2.4298377009637004,13.760731485275999,106,2022
GPP,9,9,10.72068489995359,4.961913066447223,15.873755047657726,107,2022
GPP,10,10,10.445086493811825,4.941689532504212,15.233518280779052,108,2022
GPP,11,11,10.000016173748751,4.464935838837488,14.956735344291786,109,2022
GPP,12,12,8.801019521458276,3.077446613447702,14.230740922336935,11,2022
GPP,13,13,8.23520150021698,2.8031924346633783,13.522365438591484,110,2022
GPP,14,14,6.756819288682938,2.18315267352485,11.56019028913655,111,2022
GPP,15,15,7.478305487290877,2.1556883662476443,13.286177899923421,112,2022
GPP,16,16,7.409947099359535,2.051729268147909,13.350062842763021,113,2022
GPP,17,17,6.53867825604447,1.6269193934410815,12.3631236681836,114,2022
GPP,18,18,6.331504032161023,1.6220004693119077,12.373673508986998,115,2022
GPP,19,19,5.855425218424669,1.4960471341589368,11.768146849376695,116,2022
GPP,20,20,5.675392668419846,1.4399859823471153,11.820323956151038,117,2022
GPP,21,21,5.114569368983991,1.3239187758437223,11.091341135630625,118,2022
GPP,22,22,5.014748113735012,1.363976301154864,11.045904652381587,119,2022
GPP,23,23,4.501342227836499,1.233247769228987,10.079210563932927,12,2022
GPP,24,24,4.452835347303633,1.2768692499788903,9.985887415198265,120,2022
GPP,25,25,4.225311038469284,1.2116691263702966,10.05855576969012,121,2022
GPP,26,26,4.955017095999715,1.5993369440235474,10.402018964125928,122,2022
GPP,27,27,3.9698928822433417,1.1761499350980211,9.617940259038212,123,2022
GPP,28,28,3.8925057978251725,1.1998244572120487,9.530501119477732,124,2022
GPP,29,29,4.21887971811131,1.334579480607038,10.344555714769225,125,2022
GPP,30,30,3.8006014155707732,1.245255992188532,9.537947616766886,126,2022
GPP,31,31,3.955033189569806,1.274134024961939,9.757526138281053,127,2022
GPP,32,32,4.3446060227997885,1.332453446752462,10.246978126771142,128,2022
GPP,33,33,4.589653518726337,1.5921192457254691,9.788195358764758,129,2022
GPP,34,34,4.5883829280729165,1.4457833954354378,10.429947424517929,13,2022
GPP,35,35,4.600725838238107,1.4620908093873328,10.788435472996232,130,2022
GPP,36,36,4.501367647913371,1.4421377298670601,11.360604075561174,131,2022
GPP,37,37,5.489705451661228,1.9221754817594354,11.839292340516165,132,2022
GPP,38,38,5.492366834246505,1.9326639522777291,12.199562617424526,133,2022
GPP,39,39,5.835097209222937,1.8189926828161957,12.846362128538933,134,2022
GPP,40,40,6.280770240515712,2.0124987113187287,13.073817172750749,135,2022
GPP,41,41,7.0574898126577645,2.1337237793683075,13.930671064636527,136,2022
GPP,42,42,7.1817829115139595,2.4822631504817165,13.726852818756607,137,2022
GPP,43,43,7.6594353002496725,3.231274117775507,13.149527418686578,138,2022
GPP,44,44,10.483561802904587,3.758792080526746,17.54356771911806,139,2022
GPP,45,45,6.843618161386223,2.559574220681149,13.5570581421196,14,2022
GPP,46,46,3.447755948916365,1.6310196964058369e-9,22.12313043832437,140,2022
GPP,47,47,6.920991465455999,2.752004823576206,13.71913861422378,15,2022
GPP,48,48,6.8530215338671905,2.728397582373695,13.777119495460582,16,2022
GPP,49,49,7.625360397774625,3.8532253218789405,12.390918714115003,17,2022
GPP,50,50,7.089697804624044,2.9179699488593203,14.630264214996657,18,2022
GPP,51,51,10.73354149259891,3.881142711587306,18.062082330136008,19,2022
GPP,52,52,12.522677838749665,4.554800407488856,20.190915416579752,20,2022
GPP,53,53,8.633033777196111,3.510017317736382,15.944342339771842,21,2022
GPP,54,54,9.180733753528349,3.4853010150561103,16.204094677720562,22,2022
GPP,55,55,9.732393717865964,3.8881525066110743,16.508400366459576,23,2022
GPP,56,56,11.542805863008667,4.7951440859615095,18.10463228697108,24,2022
GPP,57,57,11.897466524195577,4.510403298944806,19.19123542398892,25,2022
GPP,58,58,11.519131841716757,4.9495745407098815,18.37429472823105,26,2022
GPP,59,59,11.716746533937247,4.629536636153563,19.24485265283297,27,2022
GPP,60,60,11.657194020017942,4.343709632002926,19.343943579559514,28,2022
GPP,61,61,12.626760992352859,6.175597778280292,19.19973956636508,29,2022
GPP,62,62,12.313475919660121,6.0506839014470275,20.357091873258923,3,2022
GPP,63,63,15.115449320786947,5.011587299974887,22.67839478285947,30,2022
GPP,64,64,10.861108693465262,3.2723248230718824,19.18890945162419,31,2022
GPP,65,65,11.320342369366237,3.3946455583761157,19.71976223474658,32,2022
GPP,66,66,12.336276338341825,4.0910087507271395,20.837041269941924,33,2022
GPP,67,67,11.970995517050238,6.410497197103241,18.7331279781225,34,2022
GPP,68,68,11.495848021790177,4.0216710555854736,19.92951469325049,35,2022
GPP,69,69,13.68843455336069,5.146168437162281,21.770433248510976,36,2022
GPP,70,70,13.811081275924609,6.850100512966499,21.093870161771026,37,2022
GPP,71,71,18.95094249899403,9.668697249645842,26.948183332420726,38,2022
GPP,72,72,18.44908698564558,10.986160381799731,25.87622385414016,39,2022
GPP,73,73,21.723326031548062,14.659171251315518,28.543304567708876,4,2022
GPP,74,74,17.13121150978469,10.801835886581843,23.575756848481728,40,2022
GPP,75,75,20.46079422050883,13.565387713964475,27.290826320099963,41,2022
GPP,76,76,18.617900453093718,11.456628778366284,26.086231525067454,42,2022
GPP,77,77,24.543164999452763,17.02996797038287,31.829286457637625,43,2022
GPP,78,78,19.36091828691817,11.925291756363642,26.770534036052233,44,2022
GPP,79,79,20.869272734474176,13.540185110429514,28.08300093438814,45,2022
GPP,80,80,18.14635221188457,11.76701112757372,24.389153171908237,46,2022
GPP,81,81,22.9011428617597,15.424329613662119,30.367323879904333,47,2022
GPP,82,82,23.46828125943271,15.861379788009105,31.251058071883957,48,2022
GPP,83,83,23.58741614139533,15.597608445415903,31.63891320424744,49,2022
GPP,84,84,23.305838597648524,15.482596012040117,31.074495295094,5,2022
GPP,85,85,21.435884558613605,14.265384653606434,28.695899412220218,50,2022
GPP,86,86,27.72594964632519,19.468674892385653,35.69989707214951,51,2022
GPP,87,87,25.199321798500463,16.535636978094608,33.53704003242287,52,2022
GPP,88,88,25.877083073466064,16.904536585188225,34.87386576434031,53,2022
GPP,89,89,24.858356175183356,16.286652302191712,33.496142888169615,54,2022
GPP,90,90,22.02893609383871,13.630243884593291,30.90219536959576,55,2022
GPP,91,91,23.84226758928171,15.169166254478146,32.97363329566353,56,2022
GPP,92,92,25.36793782058453,15.768058922550589,36.14928608630907,57,2022
GPP,93,93,23.151477545726138,14.69515132562849,31.97090590313182,58,2022
GPP,94,94,21.886244175157287,12.928325751976013,31.07735033131042,59,2022
GPP,95,95,23.79647691518062,14.153979918130032,33.740364828218276,6,2022
GPP,96,96,24.271677442855975,14.448319094140809,34.50109143987757,60,2022
GPP,97,97,24.648533929018335,14.81989645599856,35.116626196947635,61,2022
GPP,98,98,24.14325820380911,13.280954123752123,34.57622453050887,62,2022
GPP,99,99,5.898528593391481,0.5976241984531278,15.26611583592823,63,2022
GPP,100,100,9.611228008705613,1.2295618747026813,18.86759462973451,64,2022
GPP,101,101,6.564824852181426,0.8057720491268676,15.121493170939075,65,2022
GPP,102,102,6.243077753687998,1.088491559845384,12.891954367010008,66,2022
GPP,103,103,9.895813370098706,1.8863105225645258,18.43042076492775,67,2022
GPP,104,104,7.740247906506801,1.57953687715483,14.528296140668903,68,2022
GPP,105,105,7.954139329189811,2.118002011631933,14.000052569000669,69,2022
GPP,106,106,8.100284181735182,1.9614052045918329,15.066385581195972,7,2022
GPP,107,107,8.43929045464685,2.3440917264251424,15.203551921584163,70,2022
GPP,108,108,11.615109527222547,3.8311321515990784,19.16147110484634,71,2022
GPP,109,109,9.160770224289173,2.957556124757944,16.390825729053986,72,2022
GPP,110,110,9.73072925493823,3.9616601071675097,15.46804841053919,73,2022
GPP,111,111,10.09106446346182,3.591976487936024,17.154697668965333,74,2022
GPP,112,112,10.551414023554734,3.837242391706698,17.72178040944938,75,2022
GPP,113,113,11.337578305276601,4.31490620106999,18.86143295129503,76,2022
GPP,114,114,13.02186659757327,5.127717491628367,21.20793097525526,77,2022
GPP,115,115,11.609338565123757,4.528873008893212,18.886033669913108,78,2022
GPP,116,116,12.078877747318014,4.823313941755869,19.65093123883213,79,2022
GPP,117,117,11.7599609022277,4.858965626222039,18.581198466162622,8,2022
GPP,118,118,12.01285768042126,5.108919720939301,18.987449222480283,80,2022
GPP,119,119,11.70029865737397,4.8683051099862205,18.767398228478907,81,2022
GPP,120,120,12.106122594962953,5.0876809687906865,19.45974744674818,82,2022
GPP,121,121,11.598407452543183,5.110045845279009,18.08982021040556,83,2022
GPP,122,122,11.662205359728189,4.957116110855722,18.447893525601913,84,2022
GPP,123,123,11.693764653393451,4.944152931414147,18.306668738371595,85,2022
GPP,124,124,12.184226837736931,5.103996419709056,19.212474306024696,86,2022
GPP,125,125,11.940746553277087,5.127629320304465,18.404825068657736,87,2022
GPP,126,126,11.276192365567315,4.420741582355601,18.092311760130947,88,2022
GPP,127,127,15.255043979259401,6.3322336760549955,22.923899747103285,89,2022
GPP,128,128,13.327741208647282,5.1385167719597,20.69015978857051,9,2022
GPP,129,129,13.193037614962575,5.5824514377900565,19.569416331525897,90,2022
GPP,130,130,12.918281768941709,4.9490171207500575,20.673882017449355,91,2022
GPP,131,131,12.485186853402165,4.592948233791127,20.276815339415688,92,2022
GPP,132,132,12.858007870934522,4.66136122525546,21.043095182461567,93,2022
GPP,133,133,12.457513758295462,4.351612652950598,20.655308999474837,94,2022
GPP,134,134,12.521353596105946,4.530025399008657,20.89866800140774,95,2022
GPP,135,135,12.423876974163075,4.3276968668999185,20.825115442310143,96,2022
GPP,136,136,12.006050694450096,4.147459404582787,20.254325237756763,97,2022
GPP,137,137,12.009427840347852,3.995187783006719,21.616813222909208,98,2022
GPP,138,138,11.315316860647345,3.500708001957635,20.68545605976926,99,2022
ER,1,1,-6.810660868715192,-2.0578252123886855,-12.871779957657855,10,2022
ER,2,2,-7.201444954593029,-2.5925039228189504,-12.228416144157782,100,2022
ER,3,3,-21.861036161416056,-10.774718692279087,-32.55360511495409,101,2022
ER,4,4,-31.223265448630436,-17.959282584657082,-44.039944046234154,102,2022
ER,5,5,-18.634495821319753,-11.71066618743612,-26.171334839021842,103,2022
ER,6,6,-18.074974163633932,-10.859823769190934,-25.406006192222296,104,2022
ER,7,7,-8.388319728685186,-3.729575613234327,-14.81691918451514,105,2022
ER,8,8,-4.891076020056987,-1.1123564655607094,-12.16114244287622,106,2022
ER,9,9,-6.375721451774001,-1.832400830069168,-13.15169276917095,107,2022
ER,10,10,-7.779387493162594,-2.5023115794889823,-14.43436556806103,108,2022
ER,11,11,-4.592403879635985,-1.1937589385228113,-8.533467739486357,109,2022
ER,12,12,-3.011215367370177,-0.5968533704268969,-7.707843396382652,11,2022
ER,13,13,-3.907039068392092,-0.6618295214380183,-10.170355618473689,110,2022
ER,14,14,-4.107573733441266,-0.683943559378049,-10.648308600433097,111,2022
ER,15,15,-4.719067361172148,-0.7758079850841546,-12.39246407697225,112,2022
ER,16,16,-5.245868972125296,-0.8081745569023915,-13.532559822730784,113,2022
ER,17,17,-6.691092997342599,-1.0322727929366569,-17.128033804971977,114,2022
ER,18,18,-6.785086882257078,-1.0427120548999902,-17.40466366190202,115,2022
ER,19,19,-6.22761593255646,-0.9154355880912969,-15.62606466919224,116,2022
ER,20,20,-4.9857588674997775,-0.7264004631804017,-12.272258379857904,117,2022
ER,21,21,-6.017780701656802,-0.8381163559272519,-14.624013733515008,118,2022
ER,22,22,-7.488027050718621,-1.078690171830579,-18.193421976798188,119,2022
ER,23,23,-6.392503329119933,-0.9127136025339659,-15.117181866616411,12,2022
ER,24,24,-8.081496730293953,-1.111504402035251,-18.612233444094457,120,2022
ER,25,25,-6.6866059489453775,-0.9235434145444431,-15.282036421733288,121,2022
ER,26,26,-6.770992256082856,-0.8971252661514892,-15.237981074814313,122,2022
ER,27,27,-8.02739688189298,-1.354083934780367,-17.40939046200771,123,2022
ER,28,28,-6.023990640373258,-0.8028891291410674,-13.108090350453235,124,2022
ER,29,29,-8.765382224328738,-1.2821228424541622,-18.444857981354357,125,2022
ER,30,30,-5.535590369599085,-0.7961152600409943,-11.608626741085752,126,2022
ER,31,31,-6.565084409336613,-1.0505580354695456,-13.496484655255898,127,2022
ER,32,32,-9.516903159037994,-1.5173063356726115,-19.098389764284583,128,2022
ER,33,33,-9.917729198204208,-1.6714499088095707,-19.367692534245457,129,2022
ER,34,34,-11.04170239049563,-1.9160459389348503,-21.50310792068818,13,2022
ER,35,35,-11.447093348774407,-1.9790340598628762,-22.111470783010226,130,2022
ER,36,36,-10.885999286794735,-1.9078799077775306,-20.816517591333973,131,2022
ER,37,37,-11.937779511295393,-2.299101379639621,-22.33697354830156,132,2022
ER,38,38,-12.591954562368663,-2.2707396610205755,-23.075136295325578,133,2022
ER,39,39,-13.698906339506728,-2.4603616403689426,-24.98156577987256,134,2022
ER,40,40,-13.857049073717107,-2.6191809927272374,-24.856965879208104,135,2022
ER,41,41,-14.552050871513892,-2.783978832138884,-25.777663285404245,136,2022
ER,42,42,-16.418339011423335,-3.4529248202766247,-28.779458507270817,137,2022
ER,43,43,-11.925600496157687,-2.4804283705529877,-20.82578414574937,138,2022
ER,44,44,-9.153567416829915,-2.1252170862857125,-15.977327062949666,139,2022
ER,45,45,-11.381993893686237,-2.8743121996424215,-19.45561957639246,14,2022
ER,46,46,-16.688882488679987,-4.1165429553840145,-28.60532345087291,140,2022
ER,47,47,-12.235546466885982,-3.198547258386378,-20.741908158185446,15,2022
ER,48,48,-15.396506846902055,-4.633949082913747,-25.5704735038108,16,2022
ER,49,49,-15.971585054506084,-5.053945486453989,-26.21516457558418,17,2022
ER,50,50,-12.123004821081771,-4.1559275116857854,-19.795940532516955,18,2022
ER,51,51,-10.521654104130386,-3.9356842536349057,-16.9391540610556,19,2022
ER,52,52,-9.548181007029743,-3.7592603082976894,-15.49259913701065,20,2022
ER,53,53,-12.935486268062204,-5.464879309418244,-20.14849819984887,21,2022
ER,54,54,-16.640267794741305,-7.467164349885696,-25.35891612673505,22,2022
ER,55,55,-17.50557545413798,-8.154787868731546,-26.2446611585839,23,2022
ER,56,56,-19.234142931984987,-9.39027963136157,-28.744153518016056,24,2022
ER,57,57,-19.754139953149036,-9.79275040239458,-29.416244429958777,25,2022
ER,58,58,-23.10116674047256,-11.675678165972325,-34.0687588003468,26,2022
ER,59,59,-22.814983853433876,-11.331452073915877,-33.842367044154,27,2022
ER,60,60,-20.648503980155766,-10.176782583803277,-30.808790883915865,28,2022
ER,61,61,-18.373782738512077,-9.189435949434236,-27.327427465232105,29,2022
ER,62,62,-18.397126860325017,-9.073658417360965,-27.56254853334736,3,2022
ER,63,63,-13.750288996017238,-6.883065974732647,-20.870393345751676,30,2022
ER,64,64,-21.398520633070827,-10.694154882025078,-31.90239125462039,31,2022
ER,65,65,-17.035754835403196,-8.619287345816257,-25.5035488198756,32,2022
ER,66,66,-18.481420979738886,-9.549615999360684,-27.480663644062403,33,2022
ER,67,67,-16.63314594691488,-8.719316611229248,-24.786041924469593,34,2022
ER,68,68,-15.187323519718507,-8.130029652087996,-22.820995800789976,35,2022
ER,69,69,-22.49151074263438,-12.398193184959654,-32.9251268495577,36,2022
ER,70,70,-18.413629975682426,-10.417754963343583,-27.2552647851817,37,2022
ER,71,71,-16.58456795957025,-9.343162712935055,-24.68463702740999,38,2022
ER,72,72,-20.932872298120696,-11.78899329324961,-30.355136901646635,39,2022
ER,73,73,-18.221336740873156,-10.399390138930997,-26.786030577392282,4,2022
ER,74,74,-22.899669457985063,-13.109132458176308,-33.002488959812,40,2022
ER,75,75,-17.483839493054866,-9.922841429010608,-25.89494345839037,41,2022
ER,76,76,-21.551044070702325,-12.228016366285676,-31.062593727993775,42,2022
ER,77,77,-14.942862788179198,-8.320881350450103,-22.58478449090843,43,2022
ER,78,78,-19.98937681751485,-11.20441468531401,-28.876459261161333,44,2022
ER,79,79,-23.036048059183297,-12.57112870194205,-32.88797750496698,45,2022
ER,80,80,-35.665995298618014,-20.099594380168163,-50.50542831831229,46,2022
ER,81,81,-31.798294461159312,-17.867082435653487,-44.86251506233361,47,2022
ER,82,82,-34.33413284738883,-19.305544063555356,-48.978001016414765,48,2022
ER,83,83,-39.16320996004116,-21.588592247781136,-56.838566707436634,49,2022
ER,84,84,-20.867796019358103,-10.747769667804743,-31.164789914332033,5,2022
ER,85,85,-18.084627971057813,-9.061555301837561,-27.772023125622265,50,2022
ER,86,86,-13.738124584609857,-6.170585447298242,-21.874096512343804,51,2022
ER,87,87,-22.874726189559436,-10.567237424205546,-34.5179024682291,52,2022
ER,88,88,-20.425008699713963,-9.091952799609913,-31.071594965602593,53,2022
ER,89,89,-21.33562086372502,-9.457000147144973,-33.04554419041129,54,2022
ER,90,90,-30.09416716111915,-13.802667650686635,-46.259961808951864,55,2022
ER,91,91,-29.865706260774207,-12.469475238567874,-46.77460145714265,56,2022
ER,92,92,-39.979565203189736,-14.935546445585972,-64.13289216056508,57,2022
ER,93,93,-21.898772563049725,-4.34128234651704,-38.409112145790075,58,2022
ER,94,94,-12.162930410513438,-2.1479877431968033,-23.90340403645567,59,2022
ER,95,95,-25.268286286920436,-6.350745248103783,-43.54949327013675,6,2022
ER,96,96,-20.604272819185436,-3.5605825202376082,-39.05357153623476,60,2022
ER,97,97,-24.870681422374858,-3.810756295128282,-49.11621118003187,61,2022
ER,98,98,-19.29730828654477,-2.9317979142874036,-40.534887344688606,62,2022
ER,99,99,-15.629978486678917,-1.3044074001121577,-42.58427628969952,63,2022
ER,100,100,-6.77365348039735,-0.6795848363319849,-17.915998267884373,64,2022
ER,101,101,-5.65411193194711,-0.5576923814397282,-14.554267346006968,65,2022
ER,102,102,-5.173246680275215,-0.5896727793292793,-13.18245936354575,66,2022
ER,103,103,-4.7996770538150795,-0.5660007482926946,-12.040536892386658,67,2022
ER,104,104,-5.89483338086106,-0.6910140287929156,-14.130654116911153,68,2022
ER,105,105,-5.638494982030717,-0.7420425811105247,-13.340777409672484,69,2022
ER,106,106,-8.378880462572802,-1.0626363307319995,-18.93923672366417,7,2022
ER,107,107,-9.593837777688321,-1.092212273001243,-21.32657903853343,70,2022
ER,108,108,-6.504131656058043,-0.7401732204179057,-14.948243197266178,71,2022
ER,109,109,-5.954571773382423,-0.5567435849251522,-14.299444606836783,72,2022
ER,110,110,-3.5894155702470774,-0.3855966529486261,-9.309262271690965,73,2022
ER,111,111,-4.798217832310511,-0.5945610425779286,-12.071995587439936,74,2022
ER,112,112,-11.693218396318699,-1.2163859098199215,-27.417978043256465,75,2022
ER,113,113,-15.435897263063705,-1.6837231477630528,-34.89311388919018,76,2022
ER,114,114,-15.970569533435281,-1.6087463725536368,-37.71532114308987,77,2022
ER,115,115,-9.534435429721665,-0.8837952398110429,-23.32767482602314,78,2022
ER,116,116,-11.716599347603214,-1.0645977630813719,-28.137940573195145,79,2022
ER,117,117,-7.559140894353226,-0.7860641231791058,-17.84679112862212,8,2022
ER,118,118,-11.713196448476697,-1.8560523073614612,-24.704222933898713,80,2022
ER,119,119,-12.362346223187687,-1.8672282124888657,-24.767966525659492,81,2022
ER,120,120,-29.0456561962329,-5.895509878127372,-54.16970235508922,82,2022
ER,121,121,-13.259702532364745,-1.930469206905494,-26.130489214020745,83,2022
ER,122,122,-9.865880688624184,-1.479956740804391,-19.817989050521966,84,2022
ER,123,123,-12.27661538865642,-1.917399249638828,-24.16444875978693,85,2022
ER,124,124,-15.228083801105425,-1.9091086370929116,-31.480948326738954,86,2022
ER,125,125,-10.497156373662921,-1.1932174959087076,-21.979739924253316,87,2022
ER,126,126,-6.997199498551554,-0.8955325828973554,-15.040750797957065,88,2022
ER,127,127,-5.101616706380385,-0.5519591027784817,-11.199571811670246,89,2022
ER,128,128,-7.466084596173159,-1.0007474133567789,-15.269445840021879,9,2022
ER,129,129,-11.566939449256463,-2.533210603656248,-20.9533631918883,90,2022
ER,130,130,-34.63988442624732,-9.9549809811761385,-62.47587601433666,91,2022
ER,131,131,-23.630865970887243,-4.544239447146496,-44.14855489143141,92,2022
ER,132,132,-20.883139940274496,-2.32116136407758,-43.80245124186176,93,2022
ER,133,133,-20.699875749855252,-2.0740385428007406,-46.1407006919324,94,2022
ER,134,134,-14.856663001188384,-1.1732718883635094,-38.12768585248463,95,2022
ER,135,135,-8.959911883711701,-0.7407544012848656,-28.70539985346827,96,2022
ER,136,136,-17.86035893173959,-1.7734920214129704,-45.05461577856035,97,2022
ER,137,137,-18.692007320165906,-1.3682016414250202,-46.93807827873769,98,2022
ER,138,138,-8.080135009040605,-0.8586192972692706,-28.825848690566733,99,2022
NEP,1,1,0.9986737146774768,-5.473689000178202,7.608807183301612,10,2022
NEP,2,2,0.2080746335589385,-4.955334783439222,5.336890639495549,100,2022
NEP,3,3,-11.260827515127712,-20.995875403955814,-1.5665593109876799,101,2022
NEP,4,4,-16.21670377057213,-28.90810660113636,-3.8355721487881986,102,2022
NEP,5,5,-1.6900944372035147,-8.881040577644573,5.559057626114869,103,2022
NEP,6,6,2.2066862332054575,-4.578573009047675,8.90031999006562,104,2022
NEP,7,7,3.7991986296365368,-2.3205686964670704,9.23035337556356,105,2022
NEP,8,8,2.565011461077008,-4.106303629397834,8.752642439448646,106,2022
NEP,9,9,4.010543124618783,-2.357525204979271,9.986483822960492,107,2022
NEP,10,10,2.4011926775740546,-3.8365551476580273,8.492379360739179,108,2022
NEP,11,11,5.265636339031408,-0.3448347931490904,10.726432571607845,109,2022
NEP,12,12,5.490683063340157,-0.964996188990266,11.52013585899196,11,2022
NEP,13,13,4.017883994130139,-3.126512884016055,10.371889247238332,110,2022
NEP,14,14,2.3973697454035063,-4.422237692725778,8.280125987313676,111,2022
NEP,15,15,2.404319527924293,-5.347343099505948,9.364823412831724,112,2022
NEP,16,16,1.7949409867706045,-6.3315362791979695,9.129816145271072,113,2022
NEP,17,17,-0.4398414915116678,-10.324680072940236,7.531688299521158,114,2022
NEP,18,18,-0.712760657092151,-10.775454729380659,7.128135592958796,115,2022
NEP,19,19,-0.46369967223482783,-9.411356332667694,6.938211687697919,116,2022
NEP,20,20,0.5676087469049163,-6.629303149683302,7.4891147897211185,117,2022
NEP,21,21,-0.870559902875143,-9.181211418116458,6.292224295087807,118,2022
NEP,22,22,-2.341477614695507,-12.459312601882939,5.596468373144361,119,2022
NEP,23,23,-1.7287326512877563,-10.285749339784022,5.285486146720475,12,2022
NEP,24,24,-3.405555147450908,-13.633063769449137,4.6271154016143115,120,2022
NEP,25,25,-2.1868335081228487,-10.712437512130977,4.976866013430917,121,2022
NEP,26,26,-1.639611846425749,-9.990273714818942,5.468322953591851,122,2022
NEP,27,27,-3.7019874031942974,-12.68784867774098,3.7736418269375567,123,2022
NEP,28,28,-1.8476543584328728,-8.871971544220548,4.568752497871277,124,2022
NEP,29,29,-4.109384056308555,-13.667082686832373,4.0700746210180725,125,2022
NEP,30,30,-1.3310288258872947,-7.576169201411508,4.701324418486624,126,2022
NEP,31,31,-2.218700583917208,-9.293653952011137,4.169995348347306,127,2022
NEP,32,32,-4.811339311279295,-14.181718522500388,3.46248925276928,128,2022
NEP,33,33,-5.085621340057239,-14.460738866206901,3.390979569006071,129,2022
NEP,34,34,-6.140819726266091,-16.24586227832467,3.077770793151727,13,2022
NEP,35,35,-6.467616858953016,-16.790853950064726,2.762562841038346,130,2022
NEP,36,36,-5.837104015631068,-15.318557153014565,2.998284481062406,131,2022
NEP,37,37,-6.040584065368019,-15.78084646637283,2.9898820415261618,132,2022
NEP,38,38,-6.638718158048618,-16.502496309781154,2.9492668343487525,133,2022
NEP,39,39,-7.423843629464226,-17.84490281548234,2.819192503297356,134,2022
NEP,40,40,-7.19517292437848,-17.465620111638025,3.0580611702699616,135,2022
NEP,41,41,-7.157392494263251,-17.867836920839423,3.405269217178305,136,2022
NEP,42,42,-8.949991159301614,-20.77482920043239,2.7634700197424293,137,2022
NEP,43,43,-4.085886041426459,-12.704486892436542,4.4484726362938165,138,2022
NEP,44,44,1.385206640423076,-6.505445113950409,9.10733486634548,139,2022
NEP,45,45,-4.2048679503825035,-12.504729081296277,3.8950006631960297,14,2022
NEP,46,46,-11.246886727380295,-24.625525558970054,5.032231566094809,140,2022
NEP,47,47,-4.959267540637054,-13.470494645672266,3.401894748468818,15,2022
NEP,48,48,-8.099954165237497,-17.9138607563275,1.7249981783381678,16,2022
NEP,49,49,-8.223431594655988,-17.88024233624966,1.936361750654246,17,2022
NEP,50,50,-4.495839632386,-12.36716753461959,3.7851889464849013,18,2022
NEP,51,51,0.296879716062124,-7.797341003981088,8.269421447174341,19,2022
NEP,52,52,2.9658730223439784,-5.414840276409018,10.85814842610374,20,2022
NEP,53,53,-4.060734168512946,-11.808041257512171,3.956674668068176,21,2022
NEP,54,54,-7.356008437964917,-16.195028309850272,1.630991835240926,22,2022
NEP,55,55,-7.701634727532186,-16.352905960583808,1.3057619125888502,23,2022
NEP,56,56,-7.629744752883957,-16.899930238712937,1.642427688804723,24,2022
NEP,57,57,-7.827444356092527,-17.395431167515568,1.6435545753225809,25,2022
NEP,58,58,-11.497363428447223,-21.86388411726688,-1.3643293027106869,26,2022
NEP,59,59,-10.945725765040542,-21.68707535474639,-0.4631506429840777,27,2022
NEP,60,60,-8.987115807385813,-18.964858311054773,0.9103916115847356,28,2022
NEP,61,61,-5.645487244103313,-14.388544568563448,2.985292310655228,29,2022
NEP,62,62,-5.800595529149774,-15.117487905405522,3.6303552833363897,3,2022
NEP,63,63,1.1809741897715504,-9.01110889541461,9.37975646522446,30,2022
NEP,64,64,-10.597490854004546,-21.44711150031444,0.1901559641852,31,2022
NEP,65,65,-5.781336440235729,-15.541074878990122,3.6165171884556657,32,2022
NEP,66,66,-6.117738073487951,-16.39858625496757,3.8432435846208186,33,2022
NEP,67,67,-4.577489069160977,-12.67821335879081,3.7770633327149157,34,2022
NEP,68,68,-3.6838863239920445,-12.751845130578312,5.705348152624802,35,2022
NEP,69,69,-8.862490190594496,-20.17002561198003,1.8891829555202793,36,2022
NEP,70,70,-4.592390453823619,-13.796739777564762,4.4401726901975,37,2022
NEP,71,71,2.2265135255644437,-7.659041286599703,11.15205073920877,38,2022
NEP,72,72,-2.5271519436135916,-12.215272909488922,7.119942584377489,39,2022
NEP,73,73,3.3834187131454225,-5.333740588673851,11.939855371612007,4,2022
NEP,74,74,-5.831247318044117,-15.677020352065432,3.9791815370623094,40,2022
NEP,75,75,2.835780489943238,-5.868073020837735,11.094370250914052,41,2022
NEP,76,76,-2.8786058463073,-12.854573574954152,6.761550824060452,42,2022
NEP,77,77,9.508122078548126,1.2202861796867064,17.420553670608424,43,2022
NEP,78,78,-0.6107223956660173,-10.349624159046062,8.569521741058756,44,2022
NEP,79,79,-2.1306058637936958,-11.909722037982858,7.673526021155505,45,2022
NEP,80,80,-17.506268168726816,-31.234709311415155,-3.15168166576137,46,2022
NEP,81,81,-8.802767030713662,-20.94071292514067,3.743834060558954,47,2022
NEP,82,82,-10.877759409283875,-24.171735324089923,2.4498436079770105,48,2022
NEP,83,83,-15.541572433272288,-31.83922254735499,-0.02828195203338009,49,2022
NEP,84,84,2.3877152906523538,-7.398232984955545,12.148730171502386,5,2022
NEP,85,85,3.20587033334801,-6.107898564638737,12.387746082590176,50,2022
NEP,86,86,13.857663292137424,5.164309225672227,22.393720136620257,51,2022
NEP,87,87,2.3849428214801502,-8.793718551264307,13.933170488417643,52,2022
NEP,88,88,5.611120900008295,-5.293232507850115,16.221900402615386,53,2022
NEP,89,89,3.4862286416116626,-7.572923480638887,14.403687910630008,54,2022
NEP,90,90,-7.846304427861601,-22.593788449493076,6.559350892823097,55,2022
NEP,91,91,-6.001190384046845,-20.690543715067772,8.996436752914576,56,2022
NEP,92,92,-14.211976582895613,-35.65569134486054,7.273214171556841,57,2022
NEP,93,93,1.2945222611053926,-13.259962070445463,16.665270496498636,58,2022
NEP,94,94,9.658262769457634,-1.7386671559445697,20.23593636370809,59,2022
NEP,95,95,-1.4447392903737404,-17.844116269417846,15.301733060137723,6,2022
NEP,96,96,3.6428483867210386,-12.359354563251259,19.28275659266001,60,2022
NEP,97,97,-0.3801375226877295,-21.629598054905806,19.07222070040766,61,2022
NEP,98,98,4.615426834328202,-14.259046835624087,21.52663484639572,62,2022
NEP,99,99,-9.587833785256578,-34.55414005839274,6.134145561391134,63,2022
NEP,100,100,2.3109652513585064,-8.815504831184594,12.487954076049888,64,2022
NEP,101,101,0.7257939905975148,-7.831363640789435,9.496255943042296,65,2022
NEP,102,102,0.8711651605620191,-6.800360339566263,7.895556836379243,66,2022
NEP,103,103,4.747975470462592,-3.8958453959550345,13.35989253156836,67,2022
NEP,104,104,1.533622982909744,-6.444692160249465,9.269841566899506,68,2022
NEP,105,105,2.039898900490474,-5.4679064883546555,8.969383779658015,69,2022
NEP,106,106,-0.4120393382997242,-10.2067618910935,8.442437266092439,7,2022
NEP,107,107,-1.1856500617552934,-12.02350478322781,8.265774358132598,70,2022
NEP,108,108,4.817621463698358,-4.146478535142735,13.36436050284214,71,2022
NEP,109,109,3.001711821826367,-5.456830790411521,11.108580405322913,72,2022
NEP,110,110,5.841868747169369,-0.5566631397988078,11.970622428382999,73,2022
NEP,111,111,5.029003402467733,-2.623250837190611,12.331525140248312,74,2022
NEP,112,112,-1.4570390092353966,-15.648268200611541,10.180499838813054,75,2022
NEP,113,113,-4.215057797493853,-21.97007380147487,9.77980088853614,76,2022
NEP,114,114,-3.2331633610786277,-22.888415290190117,11.804765039998399,77,2022
NEP,115,115,1.6841914789340358,-10.397116711605083,11.97000583085605,78,2022
NEP,116,116,1.280604738797264e-4,-14.687682497824758,12.033769398787776,79,2022
NEP,117,117,3.835054047034327,-5.876086302897524,12.485892094771982,8,2022
NEP,118,118,0.1302454157932514,-11.734180751847529,10.569517231968739,80,2022
NEP,119,119,-0.7475125243032557,-12.399890734605309,10.017470033602233,81,2022
NEP,120,120,-17.05911408036157,-39.96953965264399,4.439493152679064,82,2022
NEP,121,121,-1.726340083429526,-13.750579960740371,9.545659751420832,83,2022
NEP,122,122,1.6972003376244285,-8.185709280758177,11.129661006068764,84,2022
NEP,123,123,-0.6704365838877482,-12.242400936141177,10.17774237229579,85,2022
NEP,124,124,-3.2194075853433937,-18.497656710682023,10.19981086941419,86,2022
NEP,125,125,1.315916063861886,-9.614547525199347,11.201570076579562,87,2022
NEP,126,126,4.07634070994227,-4.3409735944184344,12.23620417588698,88,2022
NEP,127,127,9.913137656813642,1.1877096685217725,17.899079626537905,89,2022
NEP,128,128,5.681245968719164,-3.3690693448992852,14.575580837510323,9,2022
NEP,129,129,1.4207516190422047,-8.328512719129163,11.178208182216517,90,2022
NEP,130,130,-21.721688310300173,-48.17465187111549,1.242603229651428,91,2022
NEP,131,131,-11.238109111871877,-30.632072638364665,7.022576820018449,92,2022
NEP,132,132,-8.204619749533485,-29.87327481080898,10.13940752296643,93,2022
NEP,133,133,-8.353254422662344,-32.841466874192456,10.656326768002494,94,2022
NEP,134,134,-2.590307001256467,-24.88599186480136,12.954856431743863,95,2022
NEP,135,135,2.9502259834589175,-16.36656694558092,15.02523616497198,96,2022
NEP,136,136,-6.072940454256325,-32.50492712069641,11.221088156073662,97,2022
NEP,137,137,-6.682645418179534,-33.67149389102941,11.731216598331416,98,2022
NEP,138,138,2.722556646561809,-17.646061100509833,14.848836750228486,99,2022
GPP_m2,1,1,23.25348823495903,8.824583700837543,41.69008331002409,10,2022
GPP_m2,2,2,21.88213332303267,10.222700114408516,36.62730748101217,100,2022
GPP_m2,3,3,31.50412934150697,15.853627147500342,47.94818761010946,101,2022
GPP_m2,4,4,44.676026684361375,28.471776462868267,61.55952957201152,102,2022
GPP_m2,5,5,51.073074896516694,35.59630891263832,67.03980516669174,103,2022
GPP_m2,6,6,60.91980683123205,43.49545070998612,78.17615575529896,104,2022
GPP_m2,7,7,36.76685291449616,24.338184177936473,50.9657162091136,105,2022
GPP_m2,8,8,23.30992361442982,7.289513102891103,41.282194455827984,106,2022
GPP_m2,9,9,32.16205469986077,14.885739199341668,47.621265142973186,107,2022
GPP_m2,10,10,31.33525948143547,14.825068597512638,45.70055484233716,108,2022
GPP_m2,11,11,30.00004852124625,13.394807516512461,44.870206032875366,109,2022
GPP_m2,12,12,26.40305856437483,9.232339840343105,42.692222767010804,11,2022
GPP_m2,13,13,24.705604500650942,8.409577303990138,40.56709631577445,110,2022
GPP_m2,14,14,20.270457866048815,6.5494580205745505,34.68057086740965,111,2022
GPP_m2,15,15,22.43491646187263,6.467065098742933,39.85853369977026,112,2022
GPP_m2,16,16,22.229841298078604,6.155187804443728,40.05018852828906,113,2022
GPP_m2,17,17,19.61603476813341,4.8807581803232445,37.089371004550806,114,2022
GPP_m2,18,18,18.99451209648307,4.866001407935724,37.12102052696099,115,2022
GPP_m2,19,19,17.566275655274005,4.488141402476809,35.304440548130074,116,2022
GPP_m2,20,20,17.02617800525954,4.319957947041346,35.460971868453115,117,2022
GPP_m2,21,21,15.343708106951972,3.9717563275311663,33.27402340689188,118,2022
GPP_m2,22,22,15.044244341205037,4.091928903464592,33.13771395714476,119,2022
GPP_m2,23,23,13.504026683509498,3.6997433076869606,30.237631691798782,12,2022
GPP_m2,24,24,13.3585060419109,3.830607749936671,29.957662245594793,120,2022
GPP_m2,25,25,12.675933115407853,3.6350073791108897,30.175667309070356,121,2022
GPP_m2,26,26,14.865051287999146,4.798010832070643,31.20605689237778,122,2022
GPP_m2,27,27,11.909678646730026,3.528449805294064,28.853820777114642,123,2022
GPP_m2,28,28,11.677517393475519,3.599473371636147,28.591503358433197,124,2022
GPP_m2,29,29,12.65663915433393,4.003738441821113,31.033667144307675,125,2022
GPP_m2,30,30,11.40180424671232,3.735767976565596,28.61384285030066,126,2022
GPP_m2,31,31,11.865099568709418,3.8224020748858174,29.272578414843164,127,2022
GPP_m2,32,32,13.033818068399365,3.9973603402573863,30.74093438031343,128,2022
GPP_m2,33,33,13.768960556179012,4.776357737176408,29.364586076294277,129,2022
GPP_m2,34,34,13.765148784218749,4.337350186306314,31.28984227355379,13,2022
GPP_m2,35,35,13.802177514714323,4.386272428161999,32.36530641898868,130,2022
GPP_m2,36,36,13.504102943740113,4.326413189601181,34.081812226683525,131,2022
GPP_m2,37,37,16.469116354983687,5.7665264452783065,35.51787702154849,132,2022
GPP_m2,38,38,16.477100502739514,5.797991856833186,36.598687852273585,133,2022
GPP_m2,39,39,17.505291627668807,5.456978048448588,38.539086385616805,134,2022
GPP_m2,40,40,18.842310721547136,6.037496133956184,39.22145151825225,135,2022
GPP_m2,41,41,21.17246943797329,6.4011713381049224,41.79201319390958,136,2022
GPP_m2,42,42,21.54534873454188,7.446789451445149,41.18055845626982,137,2022
GPP_m2,43,43,22.978305900749017,9.69382235332652,39.44858225605975,138,2022
GPP_m2,44,44,31.450685408713763,11.27637624158024,52.63070315735418,139,2022
GPP_m2,45,45,20.53085448415867,7.6787226620434454,40.671174426358796,14,2022
GPP_m2,46,46,10.343267846749095,4.893059089217511e-9,66.36939131497311,140,2022
GPP_m2,47,47,20.762974396367998,8.256014470728617,41.157415842671334,15,2022
GPP_m2,48,48,20.55906460160157,8.185192747121086,41.33135848638174,16,2022
GPP_m2,49,49,22.876081193323877,11.559675965636822,37.17275614234501,17,2022
GPP_m2,50,50,21.26909341387213,8.753909846577962,43.89079264498998,18,2022
GPP_m2,51,51,32.20062447779674,11.64342813476192,54.186246990408016,19,2022
GPP_m2,52,52,37.568033516248995,13.664401222466571,60.57274624973927,20,2022
GPP_m2,53,53,25.899101331588334,10.530051953209146,47.83302701931553,21,2022
GPP_m2,54,54,27.54220126058505,10.45590304516833,48.61228403316169,22,2022
GPP_m2,55,55,29.19718115359789,11.664457519833224,49.52520109937874,23,2022
GPP_m2,56,56,34.628417589026,14.385432257884528,54.31389686091323,24,2022
GPP_m2,57,57,35.69239957258674,13.531209896834417,57.57370627196675,25,2022
GPP_m2,58,58,34.55739552515027,14.848723622129638,55.12288418469314,26,2022
GPP_m2,59,59,35.15023960181174,13.888609908460689,57.73455795849891,27,2022
GPP_m2,60,60,34.97158206005382,13.031128896008774,58.03183073867855,28,2022
GPP_m2,61,61,37.88028297705857,18.526793334840878,57.59921869909523,29,2022
GPP_m2,62,62,36.94042775898036,18.152051704341087,61.071275619776785,3,2022
GPP_m2,63,63,45.34634796236084,15.03476189992466,68.0351843485784,30,2022
GPP_m2,64,64,32.583326080395786,9.816974469215646,57.56672835487255,31,2022
GPP_m2,65,65,33.961027108098705,10.183936675128349,59.15928670423973,32,2022
GPP_m2,66,66,37.008829015025476,12.273026252181419,62.51112380982578,33,2022
GPP_m2,67,67,35.91298655115071,19.23149159130972,56.1993839343675,34,2022
GPP_m2,68,68,34.48754406537053,12.065013166756419,59.78854407975145,35,2022
GPP_m2,69,69,41.065303660082066,15.438505311486844,65.31129974553293,36,2022
GPP_m2,70,70,41.433243827773836,20.550301538899497,63.28161048531308,37,2022
GPP_m2,71,71,56.8528274969821,29.006091748937525,80.84454999726219,38,2022
GPP_m2,72,72,55.347260956936736,32.95848114539919,77.6286715624205,39,2022
GPP_m2,73,73,65.1699780946442,43.97751375394654,85.6299137031266,4,2022
GPP_m2,74,74,51.39363452935406,32.405507659745524,70.7272705454452,40,2022
GPP_m2,75,75,61.38238266152649,40.69616314189342,81.87247896029989,41,2022
GPP_m2,76,76,55.853701359281146,34.369886335098855,78.25869457520237,42,2022
GPP_m2,77,77,73.6294949983583,51.08990391114861,95.48785937291287,43,2022
GPP_m2,78,78,58.08275486075451,35.77587526909092,80.3116021081567,44,2022
GPP_m2,79,79,62.60781820342253,40.620555331288536,84.2490028031644,45,2022
GPP_m2,80,80,54.4390566356537,35.30103338272115,73.16745951572469,46,2022
GPP_m2,81,81,68.7034285852791,46.27298884098636,91.101971639713,47,2022
GPP_m2,82,82,70.40484377829814,47.584139364027315,93.75317421565187,48,2022
GPP_m2,83,83,70.76224842418598,46.79282533624771,94.91673961274232,49,2022
GPP_m2,84,84,69.91751579294557,46.44778803612036,93.22348588528202,5,2022
GPP_m2,85,85,64.30765367584081,42.796153960819304,86.08769823666066,50,2022
GPP_m2,86,86,83.17784893897556,58.406024677156964,107.09969121644853,51,2022
GPP_m2,87,87,75.59796539550138,49.60691093428381,100.6111200972686,52,2022
GPP_m2,88,88,77.63124922039819,50.713609755564676,104.62159729302095,53,2022
GPP_m2,89,89,74.57506852555008,48.85995690657513,100.48842866450886,54,2022
GPP_m2,90,90,66.08680828151611,40.89073165377987,92.70658610878726,55,2022
GPP_m2,91,91,71.52680276784513,45.507498763434434,98.92089988699061,56,2022
GPP_m2,92,92,76.10381346175359,47.30417676765176,108.44785825892721,57,2022
GPP_m2,93,93,69.45443263717841,44.085453976885475,95.91271770939547,58,2022
GPP_m2,94,94,65.65873252547186,38.78497725592804,93.23205099393124,59,2022
GPP_m2,95,95,71.38943074554186,42.461939754390094,101.22109448465483,6,2022
GPP_m2,96,96,72.81503232856792,43.34495728242242,103.50327431963268,60,2022
GPP_m2,97,97,73.94560178705501,44.459689367995686,105.3498785908429,61,2022
GPP_m2,98,98,72.42977461142732,39.842862371256366,103.72867359152659,62,2022
GPP_m2,99,99,17.69558578017444,1.7928725953593834,45.79834750778468,63,2022
GPP_m2,100,100,28.833684026116835,3.6886856241080443,56.60278388920354,64,2022
GPP_m2,101,101,19.69447455654428,2.4173161473806024,45.364479512817226,65,2022
GPP_m2,102,102,18.729233261063992,3.265474679536152,38.67586310103002,66,2022
GPP_m2,103,103,29.68744011029612,5.658931567693577,55.29126229478327,67,2022
GPP_m2,104,104,23.220743719520407,4.738610631464489,43.584888422006706,68,2022
GPP_m2,105,105,23.862417987569433,6.354006034895798,42.000157707002,69,2022
GPP_m2,106,106,24.300852545205544,5.884215613775498,45.19915674358792,7,2022
GPP_m2,107,107,25.31787136394055,7.0322751792754294,45.61065576475249,70,2022
GPP_m2,108,108,34.84532858166763,11.493396454797237,57.48441331453899,71,2022
GPP_m2,109,109,27.482310672867523,8.872668374273832,49.17247718716196,72,2022
GPP_m2,110,110,29.19218776481469,11.884980321502528,46.404145231617576,73,2022
GPP_m2,111,111,30.273193390385458,10.775929463808072,51.46409300689599,74,2022
GPP_m2,112,112,31.654242070664203,11.511727175120091,53.16534122834815,75,2022
GPP_m2,113,113,34.0127349158298,12.944718603209969,56.5842988538851,76,2022
GPP_m2,114,114,39.06559979271981,15.383152474885103,63.62379292576578,77,2022
GPP_m2,115,115,34.82801569537126,13.586619026679637,56.65810100973932,78,2022
GPP_m2,116,116,36.23663324195404,14.469941825267606,58.95279371649638,79,2022
GPP_m2,117,117,35.279882706683104,14.576896878666119,55.74359539848786,8,2022
GPP_m2,118,118,36.03857304126378,15.326759162817902,56.96234766744086,80,2022
GPP_m2,119,119,35.100895972121904,14.604915329958661,56.302194685436724,81,2022
GPP_m2,120,120,36.31836778488886,15.263042906372059,58.37924234024453,82,2022
GPP_m2,121,121,34.79522235762955,15.330137535837032,54.269460631216674,83,2022
GPP_m2,122,122,34.986616079184564,14.871348332567166,55.34368057680574,84,2022
GPP_m2,123,123,35.08129396018036,14.832458794242434,54.92000621511479,85,2022
GPP_m2,124,124,36.552680513210795,15.31198925912717,57.63742291807409,86,2022
GPP_m2,125,125,35.82223965983127,15.382887960913399,55.21447520597321,87,2022
GPP_m2,126,126,33.82857709670194,13.262224747066803,54.27693528039284,88,2022
GPP_m2,127,127,45.76513193777821,18.996701028164985,68.77169924130985,89,2022
GPP_m2,128,128,39.98322362594184,15.4155503158791,62.070479365711535,9,2022
GPP_m2,129,129,39.579112844887725,16.747354313370174,58.708248994577694,90,2022
GPP_m2,130,130,38.75484530682513,14.84705136225017,62.02164605234805,91,2022
GPP_m2,131,131,37.45556056020649,13.77884470137338,60.83044601824705,92,2022
GPP_m2,132,132,38.57402361280356,13.98408367576638,63.1292855473847,93,2022
GPP_m2,133,133,37.37254127488639,13.054837958851792,61.96592699842451,94,2022
GPP_m2,134,134,37.564060788317846,13.590076197025972,62.69600400422321,95,2022
GPP_m2,135,135,37.27163092248922,12.983090600699754,62.47534632693042,96,2022
GPP_m2,136,136,36.01815208335028,12.442378213748361,60.76297571327029,97,2022
GPP_m2,137,137,36.02828352104356,11.98556334902016,64.85043966872762,98,2022
GPP_m2,138,138,33.945950581942036,10.502124005872906,62.05636817930776,99,2022
ER_m2,1,1,-20.431982606145574,-6.1734756371660575,-38.61533987297357,10,2022
ER_m2,2,2,-21.604334863779087,-7.77751176845685,-36.685248432473344,100,2022
ER_m2,3,3,-65.58310848424816,-32.324156076837255,-97.66081534486226,101,2022
ER_m2,4,4,-93.66979634589129,-53.87784775397126,-132.11983213870252,102,2022
ER_m2,5,5,-55.90348746395925,-35.13199856230837,-78.51400451706552,103,2022
ER_m2,6,6,-54.2249224909018,-32.5794713075728,-76.21801857666688,104,2022
ER_m2,7,7,-25.164959186055558,-11.188726839702982,-44.450757553545415,105,2022
ER_m2,8,8,-14.673228060170961,-3.337069396682128,-36.48342732862866,106,2022
ER_m2,9,9,-19.127164355322,-5.497202490207505,-39.45507830751284,107,2022
ER_m2,10,10,-23.338162479487778,-7.506934738466945,-43.30309670418308,108,2022
ER_m2,11,11,-13.777211638907955,-3.5812768155684336,-25.60040321845906,109,2022
ER_m2,12,12,-9.03364610211053,-1.7905601112806906,-23.123530189147957,11,2022
ER_m2,13,13,-11.721117205176277,-1.985488564314055,-30.511066855421074,110,2022
ER_m2,14,14,-12.322721200323798,-2.0518306781341464,-31.94492580129929,111,2022
ER_m2,15,15,-14.157202083516442,-2.3274239552524634,-37.17739223091675,112,2022
ER_m2,16,16,-15.737606916375887,-2.4245236707071744,-40.59767946819235,113,2022
ER_m2,17,17,-20.073278992027795,-3.0968183788099704,-51.384101414915925,114,2022
ER_m2,18,18,-20.355260646771235,-3.12813616469997,-52.21399098570606,115,2022
ER_m2,19,19,-18.682847797669382,-2.74630676427389,-46.87819400757673,116,2022
ER_m2,20,20,-14.957276602499332,-2.179201389541205,-36.816775139573714,117,2022
ER_m2,21,21,-18.053342104970408,-2.5143490677817555,-43.87204120054503,118,2022
ER_m2,22,22,-22.464081152155863,-3.2360705154917375,-54.58026593039457,119,2022
ER_m2,23,23,-19.1775099873598,-2.7381408076018983,-45.35154559984923,12,2022
ER_m2,24,24,-24.244490190881862,-3.3345132061057536,-55.83670033228337,120,2022
ER_m2,25,25,-20.05981784683613,-2.7706302436333297,-45.846109265199864,121,2022
ER_m2,26,26,-20.312976768248568,-2.6913757984544686,-45.713943224442936,122,2022
ER_m2,27,27,-24.08219064567894,-4.062251804341102,-52.22817138602313,123,2022
ER_m2,28,28,-18.07197192111978,-2.4086673874232014,-39.324271051359695,124,2022
ER_m2,29,29,-26.296146672986215,-3.8463685273624875,-55.334573944063074,125,2022
ER_m2,30,30,-16.606771108797254,-2.3883457801229833,-34.82588022325726,126,2022
ER_m2,31,31,-19.695253228009836,-3.151674106408637,-40.4894539657677,127,2022
ER_m2,32,32,-28.55070947711398,-4.551919007017835,-57.29516929285374,128,2022
ER_m2,33,33,-29.75318759461262,-5.014349726428712,-58.10307760273637,129,2022
ER_m2,34,34,-33.12510717148689,-5.74813781680455,-64.50932376206455,13,2022
ER_m2,35,35,-34.34128004632322,-5.937102179588628,-66.33441234903067,130,2022
ER_m2,36,36,-32.657997860384214,-5.7236397233325915,-62.44955277400191,131,2022
ER_m2,37,37,-35.813338533886174,-6.897304138918863,-67.01092064490469,132,2022
ER_m2,38,38,-37.77586368710599,-6.812218983061726,-69.22540888597673,133,2022
ER_m2,39,39,-41.09671901852019,-7.381084921106829,-74.94469733961768,134,2022
ER_m2,40,40,-41.57114722115132,-7.857542978181711,-74.57089763762431,135,2022
ER_m2,41,41,-43.65615261454167,-8.351936496416648,-77.33298985621275,136,2022
ER_m2,42,42,-49.255017034270004,-10.358774460829874,-86.33837552181247,137,2022
ER_m2,43,43,-35.77680148847306,-7.441285111658962,-62.477352437248115,138,2022
ER_m2,44,44,-27.460702250489746,-6.375651258857137,-47.931981188849,139,2022
ER_m2,45,45,-34.145981681058714,-8.622936598927264,-58.366858729177395,14,2022
ER_m2,46,46,-50.06664746603997,-12.349628866152047,-85.81597035261875,140,2022
ER_m2,47,47,-36.70663940065794,-9.595641775159132,-62.225724474556316,15,2022
ER_m2,48,48,-46.18952054070617,-13.90184724874124,-76.71142051143241,16,2022
ER_m2,49,49,-47.91475516351825,-15.161836459361966,-78.64549372675253,17,2022
ER_m2,50,50,-36.36901446324532,-12.467782535057356,-59.387821597550875,18,2022
ER_m2,51,51,-31.564962312391152,-11.807052760904716,-50.8174621831668,19,2022
ER_m2,52,52,-28.64454302108923,-11.277780924893067,-46.47779741103195,20,2022
ER_m2,53,53,-38.806458804186605,-16.39463792825473,-60.44549459954661,21,2022
ER_m2,54,54,-49.92080338422391,-22.401493049657088,-76.07674838020515,22,2022
ER_m2,55,55,-52.51672636241394,-24.46436360619464,-78.73398347575169,23,2022
ER_m2,56,56,-57.70242879595496,-28.170838894084717,-86.23246055404819,24,2022
ER_m2,57,57,-59.2624198594471,-29.378251207183744,-88.24873328987634,25,2022
ER_m2,58,58,-69.30350022141768,-35.02703449791697,-102.2062764010404,26,2022
ER_m2,59,59,-68.44495156030162,-33.99435622174763,-101.52710113246201,27,2022
ER_m2,60,60,-61.945511940467306,-30.53034775140983,-92.4263726517476,28,2022
ER_m2,61,61,-55.12134821553622,-27.568307848302705,-81.98228239569632,29,2022
ER_m2,62,62,-55.19138058097504,-27.220975252082894,-82.68764560004209,3,2022
ER_m2,63,63,-41.25086698805171,-20.649197924197935,-62.61118003725504,30,2022
ER_m2,64,64,-64.19556189921246,-32.08246464607524,-95.70717376386119,31,2022
ER_m2,65,65,-51.10726450620959,-25.85786203744877,-76.5106464596268,32,2022
ER_m2,66,66,-55.44426293921666,-28.64884799808205,-82.4419909321872,33,2022
ER_m2,67,67,-49.899437840744625,-26.157949833687745,-74.35812577340879,34,2022
ER_m2,68,68,-45.561970559155526,-24.390088956263984,-68.46298740236993,35,2022
ER_m2,69,69,-67.47453222790314,-37.194579554878956,-98.77538054867307,36,2022
ER_m2,70,70,-55.240889927047284,-31.253264890030753,-81.76579435554511,37,2022
ER_m2,71,71,-49.75370387871076,-28.029488138805164,-74.05391108222997,38,2022
ER_m2,72,72,-62.798616894362084,-35.366979879748826,-91.06541070493992,39,2022
ER_m2,73,73,-54.664010222619474,-31.198170416792994,-80.35809173217685,4,2022
ER_m2,74,74,-68.69900837395517,-39.32739737452893,-99.00746687943601,40,2022
ER_m2,75,75,-52.4515184791646,-29.768524287031827,-77.68483037517112,41,2022
ER_m2,76,76,-64.65313221210697,-36.68404909885702,-93.18778118398131,42,2022
ER_m2,77,77,-44.828588364537595,-24.96264405135031,-67.75435347272528,43,2022
ER_m2,78,78,-59.96813045254456,-33.61324405594202,-86.62937778348402,44,2022
ER_m2,79,79,-69.10814417754989,-37.713386105826146,-98.66393251490098,45,2022
ER_m2,80,80,-106.99798589585401,-60.29878314050448,-151.51628495493688,46,2022
ER_m2,81,81,-95.39488338347795,-53.60124730696046,-134.5875451870008,47,2022
ER_m2,82,82,-103.00239854216649,-57.91663219066608,-146.9340030492443,48,2022
ER_m2,83,83,-117.48962988012347,-64.76577674334341,-170.51570012230994,49,2022
ER_m2,84,84,-62.603388058074316,-32.24330900341423,-93.49436974299611,5,2022
ER_m2,85,85,-54.25388391317344,-27.184665905512684,-83.3160693768668,50,2022
ER_m2,86,86,-41.21437375382956,-18.511756341894724,-65.6222895370314,51,2022
ER_m2,87,87,-68.6241785686783,-31.701712272616636,-103.55370740468727,52,2022
ER_m2,88,88,-61.27502609914189,-27.275858398829744,-93.21478489680776,53,2022
ER_m2,89,89,-64.00686259117506,-28.371000441434912,-99.1366325712339,54,2022
ER_m2,90,90,-90.28250148335744,-41.4080029520599,-138.7798854268556,55,2022
ER_m2,91,91,-89.59711878232262,-37.40842571570362,-140.32380437142794,56,2022
ER_m2,92,92,-119.93869560956921,-44.80663933675792,-192.39867648169525,57,2022
ER_m2,93,93,-65.69631768914917,-13.023847039551116,-115.22733643737021,58,2022
ER_m2,94,94,-36.48879123154031,-6.44396322959041,-71.71021210936699,59,2022
ER_m2,95,95,-75.8048588607613,-19.052235744311346,-130.64847981041027,6,2022
ER_m2,96,96,-61.81281845755631,-10.681747560712822,-117.1607146087043,60,2022
ER_m2,97,97,-74.61204426712459,-11.432268885384847,-147.3486335400956,61,2022
ER_m2,98,98,-57.89192485963431,-8.795393742862212,-121.60466203406581,62,2022
ER_m2,99,99,-46.88993546003675,-3.913222200336474,-127.75282886909855,63,2022
ER_m2,100,100,-20.32096044119205,-2.0387545089959547,-53.7479948036531,64,2022
ER_m2,101,101,-16.962335795841327,-1.673077144319185,-43.66280203802092,65,2022
ER_m2,102,102,-15.519740040825646,-1.7690183379878381,-39.54737809063725,66,2022
ER_m2,103,103,-14.399031161445237,-1.6980022448780836,-36.12161067715998,67,2022
ER_m2,104,104,-17.684500142583182,-2.073042086378747,-42.391962350733465,68,2022
ER_m2,105,105,-16.91548494609215,-2.226127743331574,-40.02233222901745,69,2022
ER_m2,106,106,-25.1366413877184,-3.187908992195998,-56.817710170992505,7,2022
ER_m2,107,107,-28.78151333306496,-3.2766368190037296,-63.97973711560028,70,2022
ER_m2,108,108,-19.512394968174135,-2.2205196612537166,-44.84472959179854,71,2022
ER_m2,109,109,-17.86371532014727,-1.6702307547754571,-42.898333820510345,72,2022
ER_m2,110,110,-10.768246710741233,-1.1567899588458783,-27.9277868150729,73,2022
ER_m2,111,111,-14.394653496931536,-1.783683127733786,-36.21598676231981,74,2022
ER_m2,112,112,-35.079655188956096,-3.6491577294597644,-82.25393412976939,75,2022
ER_m2,113,113,-46.30769178919112,-5.051169443289157,-104.67934166757053,76,2022
ER_m2,114,114,-47.91170860030584,-4.82623911766091,-113.14596342926957,77,2022
ER_m2,115,115,-28.60330628916499,-2.651385719433128,-69.98302447806942,78,2022
ER_m2,116,116,-35.14979804280965,-3.1937932892441157,-84.41382171958546,79,2022
ER_m2,117,117,-22.677422683059675,-2.3581923695373175,-53.54037338586636,8,2022
ER_m2,118,118,-35.139589345430096,-5.568156922084385,-74.11266880169613,80,2022
ER_m2,119,119,-37.08703866956306,-5.601684637466597,-74.3038995769785,81,2022
ER_m2,120,120,-87.136968588698707,-17.68652963438212,-162.50910706526767,82,2022
ER_m2,121,121,-39.77910759709424,-5.791407620716483,-78.39146764206224,83,2022
ER_m2,122,122,-29.597642065872552,-4.439870222413175,-59.453967151565905,84,2022
ER_m2,123,123,-36.82984616596927,-5.752197748916485,-72.49334627936078,85,2022
ER_m2,124,124,-45.68425140331627,-5.727325911278735,-94.44284498021686,86,2022
ER_m2,125,125,-31.49146912098876,-3.5796524877261224,-65.93921977275994,87,2022
ER_m2,126,126,-20.991598495654664,-2.686597748692066,-45.122252393871186,88,2022
ER_m2,127,127,-15.304850119141154,-1.6558773083354448,-33.59871543501074,89,2022
ER_m2,128,128,-22.39825378851948,-3.002242240070336,-45.80833752006564,9,2022
ER_m2,129,129,-34.700818347769385,-7.599631810968743,-62.8600895756649,90,2022
ER_m2,130,130,-103.91965327874195,-29.864942943528415,-187.42762804300995,91,2022
ER_m2,131,131,-70.89259791266173,-13.632718341439494,-132.44566467429422,92,2022
ER_m2,132,132,-62.649419820823496,-6.96348409223274,-131.40735372558527,93,2022
ER_m2,133,133,-62.09962724956575,-6.222115628402223,-138.4221020757972,94,2022
ER_m2,134,134,-44.569989003565155,-3.5198156650905283,-114.3830575574539,95,2022
ER_m2,135,135,-26.879735651135103,-2.2222632038545966,-86.11619956040481,96,2022
ER_m2,136,136,-53.58107679521878,-5.32047606423891,-135.16384733568106,97,2022
ER_m2,137,137,-56.07602196049771,-4.104604924275059,-140.81423483621307,98,2022
ER_m2,138,138,-24.240405027121817,-2.575857891807811,-86.4775460717002,99,2022
NEP_m2,1,1,2.9960211440324316,-16.421067000534606,22.82642154990484,10,2022
NEP_m2,2,2,0.6242239006768158,-14.866004350317665,16.010671918486647,100,2022
NEP_m2,3,3,-33.78248254538314,-62.98762621186745,-4.69967793296304,101,2022
NEP_m2,4,4,-48.650111311716394,-86.72431980340909,-11.50671644636459,102,2022
NEP_m2,5,5,-5.070283311610542,-26.643121732933718,16.677172878344603,103,2022
NEP_m2,6,6,6.62005869961637,-13.735719027143018,26.70095997019686,104,2022
NEP_m2,7,7,11.39759588890961,-6.961706089401208,27.691060126690683,105,2022
NEP_m2,8,8,7.695034383231024,-12.318910888193502,26.257927318345946,106,2022
NEP_m2,9,9,12.031629373856347,-7.072575614937813,29.959451468881483,107,2022
NEP_m2,10,10,7.203578032722162,-11.509665442974084,25.477138082217532,108,2022
NEP_m2,11,11,15.796909017094224,-1.0345043794472721,32.17929771482353,109,2022
NEP_m2,12,12,16.47204919002047,-2.894988566970798,34.560407576975884,11,2022
NEP_m2,13,13,12.05365198239042,-9.379538652048167,31.115667741715,110,2022
NEP_m2,14,14,7.192109236210518,-13.266713078177338,24.840377961941027,111,2022
NEP_m2,15,15,7.212958583772879,-16.042029298517843,28.09447023849517,112,2022
NEP_m2,16,16,5.384822960311814,-18.99460883759391,27.389448435813215,113,2022
NEP_m2,17,17,-1.3195244745350032,-30.974040218820704,22.595064898563475,114,2022
NEP_m2,18,18,-2.1382819712764523,-32.326364188141966,21.384406778876386,115,2022
NEP_m2,19,19,-1.3910990167044832,-28.234068998003085,20.814635063093757,116,2022
NEP_m2,20,20,1.702826240714749,-19.887909449049907,22.46734436916335,117,2022
NEP_m2,21,21,-2.611679708625429,-27.543634254349374,18.876672885263417,118,2022
NEP_m2,22,22,-7.02443284408652,-37.37793780564883,16.78940511943308,119,2022
NEP_m2,23,23,-5.186197953863271,-30.857248019352067,15.856458440161425,12,2022
NEP_m2,24,24,-10.216665442352724,-40.89919130834741,13.881346204842934,120,2022
NEP_m2,25,25,-6.560500524368544,-32.13731253639293,14.930598040292754,121,2022
NEP_m2,26,26,-4.9188355392772465,-29.97082114445683,16.404968860775554,122,2022
NEP_m2,27,27,-11.105962209582891,-38.06354603322294,11.32092548081267,123,2022
NEP_m2,28,28,-5.542963075298617,-26.61591463266165,13.706257493613828,124,2022
NEP_m2,29,29,-12.328152168925662,-41.001248060497126,12.21022386305422,125,2022
NEP_m2,30,30,-3.9930864776618833,-22.728507604234522,14.10397325545987,126,2022
NEP_m2,31,31,-6.656101751751622,-27.88096185603341,12.509986045041916,127,2022
NEP_m2,32,32,-14.434017933837886,-42.54515556750116,10.387467758307839,128,2022
NEP_m2,33,33,-15.256864020171717,-43.3822165986207,10.172938707018213,129,2022
NEP_m2,34,34,-18.422459178798274,-48.737586834974,9.233312379455182,13,2022
NEP_m2,35,35,-19.402850576859045,-50.37256185019419,8.287688523115039,130,2022
NEP_m2,36,36,-17.511312046893206,-45.95567145904369,8.99485344318722,131,2022
NEP_m2,37,37,-18.121752196104058,-47.342539399118486,8.969646124578487,132,2022
NEP_m2,38,38,-19.916154474145856,-49.507488929343474,8.847800503046257,133,2022
NEP_m2,39,39,-22.271530888392675,-53.53470844644703,8.45757750989207,134,2022
NEP_m2,40,40,-21.58551877313544,-52.396860334914074,9.174183510809883,135,2022
NEP_m2,41,41,-21.472177482789757,-53.60351076251827,10.215807651534917,136,2022
NEP_m2,42,42,-26.84997347790484,-62.32448760129715,8.290410059227286,137,2022
NEP_m2,43,43,-12.257658124279379,-38.11346067730963,13.34541790888145,138,2022
NEP_m2,44,44,4.155619921269228,-19.51633534185122,27.322004599036436,139,2022
NEP_m2,45,45,-12.614603851147512,-37.514187243888834,11.685001989588086,14,2022
NEP_m2,46,46,-33.740660182140886,-73.87657667691018,15.096694698284425,140,2022
NEP_m2,47,47,-14.877802621911162,-40.4114839370168,10.205684245406456,15,2022
NEP_m2,48,48,-24.299862495712492,-53.741582268982484,5.1749945350145055,16,2022
NEP_m2,49,49,-24.670294783967968,-53.64072700874896,5.809085251962737,17,2022
NEP_m2,50,50,-13.487518897157997,-37.10150260385877,11.355566839454706,18,2022
NEP_m2,51,51,0.8906391481863711,-23.39202301194326,24.808264341523017,19,2022
NEP_m2,52,52,8.897619067031936,-16.244520829227053,32.574445278311224,20,2022
NEP_m2,53,53,-12.182202505538836,-35.42412377253651,11.870024004204529,21,2022
NEP_m2,54,54,-22.06802531389475,-48.58508492955082,4.892975505722779,22,2022
NEP_m2,55,55,-23.104904182596556,-49.05871788175142,3.9172857377665493,23,2022
NEP_m2,56,56,-22.889234258651868,-50.69979071613879,4.9272830664141685,24,2022
NEP_m2,57,57,-23.482333068277583,-52.1862935025467,4.930663725967742,25,2022
NEP_m2,58,58,-34.492090285341675,-65.59165235180066,-4.092987908132061,26,2022
NEP_m2,59,59,-32.837177295121634,-65.06122606423918,-1.3894519289522353,27,2022
NEP_m2,60,60,-26.961347422157438,-56.89457493316433,2.7311748347542073,28,2022
NEP_m2,61,61,-16.936461732309937,-43.16563370569035,8.955876931965685,29,2022
NEP_m2,62,62,-17.401786587449322,-45.352463716216555,10.891065850009172,3,2022
NEP_m2,63,63,3.5429225693146513,-27.033326686243825,28.13926939567338,30,2022
NEP_m2,64,64,-31.79247256201364,-64.34133450094332,0.5704678925556008,31,2022
NEP_m2,65,65,-17.34400932070719,-46.62322463697036,10.849551565366996,32,2022
NEP_m2,66,66,-18.353214220463855,-49.1957587649027,11.52973075386246,33,2022
NEP_m2,67,67,-13.73246720748293,-38.034640076372426,11.331189998144747,34,2022
NEP_m2,68,68,-11.051658971976133,-38.25553539173494,17.116044457874406,35,2022
NEP_m2,69,69,-26.58747057178348,-60.51007683594009,5.667548866560837,36,2022
NEP_m2,70,70,-13.777171361470856,-41.390219332694294,13.320518070592504,37,2022
NEP_m2,71,71,6.67954057669333,-22.97712385979911,33.45615221762631,38,2022
NEP_m2,72,72,-7.581455830840776,-36.645818728466764,21.35982775313246,39,2022
NEP_m2,73,73,10.150256139436266,-16.001221766021555,35.81956611483602,4,2022
NEP_m2,74,74,-17.493741954132354,-47.0310610561963,11.93754461118693,40,2022
NEP_m2,75,75,8.507341469829717,-17.604219062513206,33.28311075274216,41,2022
NEP_m2,76,76,-8.6358175389219,-38.563720724862456,20.284652472181353,42,2022
NEP_m2,77,77,28.52436623564438,3.660858539060121,52.261661011825254,43,2022
NEP_m2,78,78,-1.8321671869980514,-31.048872477138186,25.708565223176265,44,2022
NEP_m2,79,79,-6.391817591381089,-35.72916611394858,23.020578063466516,45,2022
NEP_m2,80,80,-52.518804506180444,-93.70412793424548,-9.45504499728411,46,2022
NEP_m2,81,81,-26.408301092140988,-62.822138775422005,11.231502181676861,47,2022
NEP_m2,82,82,-32.633278227851626,-72.51520597226977,7.3495308239310315,48,2022
NEP_m2,83,83,-46.624717299816865,-95.51766764206498,-0.08484585610014089,49,2022
NEP_m2,84,84,7.16314587195706,-22.19469895486663,36.446190514507165,5,2022
NEP_m2,85,85,9.617611000044029,-18.323695693916218,37.16323824777052,50,2022
NEP_m2,86,86,41.57298987641228,15.492927677016683,67.18116040986077,51,2022
NEP_m2,87,87,7.154828464440451,-26.381155653792916,41.79951146525293,52,2022
NEP_m2,88,88,16.833362700024885,-15.879697523550341,48.66570120784616,53,2022
NEP_m2,89,89,10.458685924834988,-22.718770441916664,43.21106373189002,54,2022
NEP_m2,90,90,-23.5389132835848,-67.78136534847923,19.678052678469285,55,2022
NEP_m2,91,91,-18.003571152140537,-62.071631145203305,26.989310258743732,56,2022
NEP_m2,92,92,-42.635929748686834,-106.96707403458163,21.819642514670523,57,2022
NEP_m2,93,93,3.8835667833161778,-39.77988621133639,49.995811489495914,58,2022
NEP_m2,94,94,28.9747883083729,-5.216001467833706,60.70780909112427,59,2022
NEP_m2,95,95,-4.33421787112122,-53.532348808253545,45.90519918041317,6,2022
NEP_m2,96,96,10.928545160163118,-37.07806368975377,57.848269777980036,60,2022
NEP_m2,97,97,-1.1404125680631876,-64.88879416471742,57.21666210122298,61,2022
NEP_m2,98,98,13.846280502984609,-42.777140506872264,64.57990453918715,62,2022
NEP_m2,99,99,-28.763501355769733,-103.66242017517823,18.4024366841734,63,2022
NEP_m2,100,100,6.9328957540755205,-26.446514493553785,37.463862228149665,64,2022
NEP_m2,101,101,2.177381971792545,-23.494090922368308,28.48876782912689,65,2022
NEP_m2,102,102,2.613495481686058,-20.401081018698786,23.686670509137727,66,2022
NEP_m2,103,103,14.243926411387774,-11.687536187865105,40.07967759470508,67,2022
NEP_m2,104,104,4.600868948729232,-19.334076480748394,27.809524700698528,68,2022
NEP_m2,105,105,6.119696701471422,-16.40371946506397,26.90815133897404,69,2022
NEP_m2,106,106,-1.2361180148991726,-30.6202856732805,25.327311798277314,7,2022
NEP_m2,107,107,-3.5569501852658796,-36.07051434968342,24.79732307439779,70,2022
NEP_m2,108,108,14.452864391095071,-12.439435605428205,40.093081508526424,71,2022
NEP_m2,109,109,9.005135465479102,-16.370492371234565,33.32574121596874,72,2022
NEP_m2,110,110,17.525606241508108,-1.6699894193964238,35.911867285149,73,2022
NEP_m2,111,111,15.087010207403198,-7.869752511571832,36.99457542074493,74,2022
NEP_m2,112,112,-4.37111702770619,-46.94480460183464,30.54149951643916,75,2022
NEP_m2,113,113,-12.645173392481556,-65.91022140442462,29.339402665608414,76,2022
NEP_m2,114,114,-9.699490083235883,-68.66524587057035,35.4142951199952,77,2022
NEP_m2,115,115,5.052574436802107,-31.191350134815252,35.910017492568144,78,2022
NEP_m2,116,116,3.841814216388184e-4,-44.063047493474286,36.10130819636333,79,2022
NEP_m2,117,117,11.50516214110298,-17.628258908692576,37.457676284315944,8,2022
NEP_m2,118,118,0.39073624737975376,-35.20254225554258,31.708551695906216,80,2022
NEP_m2,119,119,-2.242537572909767,-37.19967220381593,30.052410100806696,81,2022
NEP_m2,120,120,-51.17734224108471,-119.90861895793199,13.318479458037187,82,2022
NEP_m2,121,121,-5.179020250288577,-41.25173988222111,28.636979254262496,83,2022
NEP_m2,122,122,5.0916010128732845,-24.557127842274525,33.3889830182063,84,2022
NEP_m2,123,123,-2.0113097516632443,-36.727202808423534,30.53322711688736,85,2022
NEP_m2,124,124,-9.658222756030181,-55.49297013204608,30.599432608242566,86,2022
NEP_m2,125,125,3.9477481915856574,-28.843642575598043,33.60471022973868,87,2022
NEP_m2,126,126,12.229022129826811,-13.022920783255302,36.70861252766094,88,2022
NEP_m2,127,127,29.73941297044093,3.5631290055653175,53.69723887961372,89,2022
NEP_m2,128,128,17.043737906157492,-10.107208034697853,43.72674251253097,9,2022
NEP_m2,129,129,4.262254857126613,-24.985538157387502,33.53462454664955,90,2022
NEP_m2,130,130,-65.16506493090053,-144.52395561334652,3.727809688954284,91,2022
NEP_m2,131,131,-33.714327335615636,-91.89621791509398,21.067730460055344,92,2022
NEP_m2,132,132,-24.61385924860045,-89.61982443242694,30.418222568899285,93,2022
NEP_m2,133,133,-25.059763267987034,-98.52440062257739,31.96898030400748,94,2022
NEP_m2,134,134,-7.7709210037694,-74.65797559440409,38.86456929523159,95,2022
NEP_m2,135,135,8.850677950376753,-49.09970083674276,45.07570849491594,96,2022
NEP_m2,136,136,-18.218821362768978,-97.51478136208922,33.66326446822098,97,2022
NEP_m2,137,137,-20.0479362545386,-101.01448167308821,35.19364979499425,98,2022
NEP_m2,138,138,8.167669939685426,-52.93818330152949,44.546510250685465,99,2022
